Username,Subscribe Date,Plan
01 Connie Klein,,Tier 1
02 Stephanie Blake,,Tier 1
03 Rosie Burgess,,Tier 1
04 Ida Harmon,,Tier 1
05 Emmett Murray,,Tier 1
06 Paul Lowe,,Tier 1
07 Christina Clayton,,Tier 1
08 Lucille Scott,,Tier 1
09 Jennifer Carpenter,,Tier 1
10 Doyle Ryan,,Tier 1
11 Ricky Robbins,,Tier 1
12 Tyler Hammond,,Tier 1
13 Rene Palmer,,Tier 1
14 Damon Hopkins,,Tier 1
15 Sandra Willis,,Tier 2
16 Pete Russell,,Tier 1
17 Dean Waters,,Tier 1
18 Anne Cook,,Tier 1
19 Seth Coleman,,Tier 1
20 Ellis Walton,,Tier 1
21 Doris Cooper,,Tier 3
22 Vicky Parker,,Tier 1
23 Ernestine Larson,,Tier 1
24 Edna Jefferson,,Tier 1
25 Judy Garner,,Tier 1
26 Leon Barker,,Tier 3
27 Claire Rogers,,Tier 2
28 Priscilla Caldwell,,Tier 3
29 Lillian Carpenter,,Tier 1
30 Justin Graves,,Tier 1
31 Katrina Walton,,Tier 1
32 Cody Ross,,Tier 1
33 Nettie Curry,,Tier 1
34 Benny Lewis,,Tier 1
35 Lindsey Sullivan,,Tier 1
36 Lionel Banks,,Tier 1
37 Katie Casey,,Tier 1
38 Erika Cook,,Tier 1
39 Wanda Klein,,Tier 1
40 Dewey Rice,,Tier 1
41 Jermaine Harrison,,Tier 1
42 Mandy Jensen,,Tier 1
43 Abraham West,,Tier 1
44 Perry Williamson,,Tier 1
45 Lindsay Francis,,Tier 1
